АРТИКУЛ,МАРКА,МОДЕЛЬ,ГОД,НОМЕР ЗАПЧАСТИ,ССЫЛКА НА ЗАПЧАСТЬ,ТОПЛИВО,ОБЪЕМ,ТИП ДВИГАТЕЛЯ,КОРОБКА,ТИП КУЗОВА,ЗАПЧАСТЬ,ОПИСАНИЕ,ПОД ЗАКАЗ,ЦЕНА,НОВАЯ,ФОТО,ФИРМА ПРОИЗВОДИТЕЛЬ,ОРИГИНАЛ,ВЕРСИЯ СБОРКИ,ВЕС ДЛЯ ОТГРУЗКИ,СТРАНИЦА ОКОНЧАНИЯ
15015972430,Suzuki,  sx4,2009,71741-79J00-0CB-SS,https://wallegro.ru/item/15015972430/SUZUKI-SX--RESHETKA-GRIL-RESHETKA-ZAMENA-EVROPA-.html,,,,,,Решетка радиатора,suzuki sx4 2006-2009 решетка гриль решетка замена европа !!!,,14256,Новый,https://wallegro.ru/pimg/a/original/117931/35f7c5594f82ab03ed790c75ccfc/SUZUKI-SX4-2006-2009-KRATA-GRILL-ATRAPA-ZAMIENNIK-EUROPA,Другой (LADMAR),P - заменитель с качеством звука на уровне оригинала,Европейская,3 кг,1
14128463032,Mercedes,  sprinter,2018,FT91606,https://wallegro.ru/item/14128463032/Reshetka-radiatora-Mercedes-SPRINTER-W-.html,,,,,,Решетка радиатора,решетка радиатора mercedes sprinter w906 2013-,,9936,Новый,https://wallegro.ru/pimg/a/original/11e3ef/532189fc4283a140de6ee316e91f/ATRAPA-GRILL-SRODKOWY-MERCEDES-SPRINTER-W906-2013,Fast,P - заменитель с качеством звука на уровне оригинала,Европейская,23 кг,1
10463803120,Audi,  a4,2015,8K0807233G,https://wallegro.ru/item/10463803120/Usilenie-bampera-reshetki-AUDI-A-B-KG.html,,,,,,Решетка радиатора,усиление бампера решетки audi a4 b 8k0807233g,,7074,Новый,https://wallegro.ru/pimg/a/original/114bd9/b61b42d74303a0520a4bbebba26a/WZMOCNIENIE-ZDERZAKA-GRILLA-AUDI-A4-B-8K0807233G,Audi OE,О-оригинал с логотипом производителя автомобиля (OE), ,2 кг,1
1336907496315,Mercedes,  w204 class,2007,DF-W204-2,https://wallegro.ru/item/13369074963/Reshetka-radiatora-chernyj-glyanecz-Mercedes-C-Class-W.html,,,,,,Решетка радиатора,решетка радиатора черный глянец mercedes c class w204,,10287,Новый,https://wallegro.ru/pimg/a/original/11b96d/ef7e65184e03958fbf879bca58c5/Grill-Atrapa-czarna-polysk-Mercedes-C-Klasa-W204,Автодор,P - заменитель с качеством звука на уровне оригинала,Европейская,3 кг,1
1127889991015,Audi,  rs a6 c6 look,2008,TIE006,https://wallegro.ru/item/11278899910/AUDI-A-C-RESHETKA-CZENTRALNAYA-BARBEKYU-CHERNYJ-RS-LOOK.html,,,,,,Решетка радиатора,audi a6 c6 решетка центральная барбекю черный rs look,,16632,Новый,https://wallegro.ru/pimg/a/original/1144fa/3ad1866f431894e0a0478815ccaa/AUDI-A6-C6-ATRAPA-SRODKOWA-GRILL-CZARNY-RS-LOOK,RTL Премиум,P - заменитель с качеством звука на уровне оригинала, ,2 кг,1
14047940401,BMW,  e60 e61,2003,ME-010071,https://wallegro.ru/item/14047940401/Pochka-reshetka-reshetki-chernyj-glyanecz-BMW--E-E.html,,,,,,Решетка радиатора,почка решетка решетки черный глянец bmw 5 e60 e61,,2268,Новый,https://wallegro.ru/pimg/a/original/112331/901bc84a41538ce8ace9b1d7931b/NERKI-ATRAPY-GRILL-CZARNY-POLYSK-BMW-5-E60-E61,ME Premium,P - заменитель с качеством звука на уровне оригинала, ,2 кг,1
1495120890415,Fiat,  tipo,2016,6502-07-2030990P,https://wallegro.ru/item/14951208904/Fiat-Tipo-reshetka-radiatora-chernaya-novaya-reshetka-radiatora.html,,,,,,Решетка радиатора,"fiat tipo 2016-решетка радиатора, черная, новая решетка радиатора",,6723,Новый,https://wallegro.ru/pimg/a/original/117702/0a6a4d534ea3b1ff1dd5f6e568e5/Fiat-Tipo-2016-Atrapa-zderzaka-czarna-nowy-grill-kratka,Blic, , ,2 кг,1
1403473438715,Audi,  a6 c5,2001,A6-9804-MBK,https://wallegro.ru/item/14034734387/AUDI-A-C--perednyaya-reshetka-gril-matovyj-chernyj.html,,,,,,Решетка радиатора,audi a6 c5 97-01 передняя решетка гриль матовый черный,,3213,Новый,https://wallegro.ru/pimg/a/original/11308f/fb7d262a425e99a02acf95ad2958/AUDI-A6-C5-97-01-ATRAPA-PRZEDNIA-GRILL-CZARNY-MAT,Автодор,P - заменитель с качеством звука на уровне оригинала,Европейская,1 кг,1
12440604142,Renault,  kadjar,2018,269161867R,https://wallegro.ru/item/12440604142/RENAULT-KADJAR-GALOGENNOE-KREPLENIE-LEVOE.html,,,,,,Решетка радиатора,renault kadjar 2015-галогенное крепление левое,,1593,Новый,https://wallegro.ru/pimg/a/original/113fe3/b6c3d2ba474bb292b5e9faff56c6/RENAULT-KADJAR-2015-MOCOWANIE-HALOGENU-LEWE,Другой (IMPARTSPL),P - заменитель с качеством звука на уровне оригинала, ,1 кг,1
15120131385,Audi,  a6 s6 c7,2018,4G0853653,https://wallegro.ru/item/15120131385/CHernyj-gril-reshetka-AUDI-A-C-lift--stil-S.html,,,,,,Решетка радиатора,черный гриль решетка audi a6 c7 lift 14-18 стиль s6,,26460,Новый,https://wallegro.ru/pimg/a/original/114fc2/306ff6434a0b92ead6b6dd9dbfc7/CZARNY-GRILL-ATRAPA-AUDI-A6-C7-lift-14-18-styl-S6,Другой (PA),P - заменитель с качеством звука на уровне оригинала,Европейская,2.9 кг,1
15140338757,Audi,  a5 rs5, ,VR-55,https://wallegro.ru/item/15140338757/Bamper-gril-Audi-A--stil-RS.html,,,,,,Решетка радиатора,бампер гриль audi a5 2016-2018 стиль rs5,,76950,Новый,https://wallegro.ru/pimg/a/original/11f10e/338b54ea45d2b6b828c667454e16/Zderzak-grill-Audi-A5-2016-2018-styl-RS5,Другой (chery),Из - замена,Европейская,2.9 кг,1
15186698898,Audi,  a4 s4,2019,0051791933633,https://wallegro.ru/item/15186698898/Reshetka-radiatora-Audi-A-B--stil-S-chernyj.html,,,,,,Решетка радиатора,решетка радиатора audi a4 b9 2016-2019 стиль s4 черный,,26730,Новый,https://wallegro.ru/pimg/a/original/1110df/d4450c544bc89cb40a47af34fa7e/Atrapa-Grill-Audi-A4-B9-2016-2019-styl-S4-czarny,Другой (0000), , ,2.9 кг,1
15020194533,BMW,  g20 g21 style, ,13972,https://wallegro.ru/item/15020194533/Reshetka-radiatora-BMW-G-G-Polift-Mperformance-Style-chernyj-glyanecz.html,,,,,,Решетка радиатора,решетка радиатора bmw g20 g21 polift m-performance style черный глянец,,6885,Новый,https://wallegro.ru/pimg/a/original/115f31/8953d9bc4d6cab9c4fb473df16d2/Atrapa-Nerki-BMW-G20-G21-Polift-M-performance-Style-Czarny-Polysk,Другое (Тюнингбаза),Из - замена, ,2.9 кг,1
15176595517,Audi,  a5 rs5,2015,cherry-55,https://wallegro.ru/item/15176595517/Bamper-gril-Audi-A--stil-RS.html,,,,,,Решетка радиатора,бампер гриль audi a5 2012-2015 стиль rs5,,78300,Новый,https://wallegro.ru/pimg/a/original/11d989/bfe6dcaf40dba7ee9be46c6e189e/Zderzak-grill-Audi-A5-2012-2015-styl-RS5,Другой (chery),Из - замена,Европейская,2.9 кг,1
15171273149,Audi,  a4 s4,2016,8W0853651AB,https://wallegro.ru/item/15171273149/Gril-AUDI-A--model-Audi-S-seryj.html,,,,,,Решетка радиатора,гриль audi a4 2016 модель audi s4 серый,,26730,Новый,https://wallegro.ru/pimg/a/original/11df5b/f94235e24199914fe3c905ec0009/Grill-AUDI-A4-2016-wzor-Audi-S4-Gray,Inny (Chery Autoparts), , ,2.9 кг,1
15083680541,Audi,  a7 rs7,2015,2000000076232,https://wallegro.ru/item/15083680541/Reshetka-radiatora-Audi-A--model-RS-Black.html,,,,,,Решетка радиатора,решетка радиатора audi a7 2012-2015 модель rs7 black,,20115,Новый,https://wallegro.ru/pimg/a/original/11b4d2/2dfe4441497eb64aac402cd85c1b/Grill-atrapa-Audi-A7-2012-2015-wzor-RS7-Black,Inny (Chery Autoparts), , ,2.9 кг,1
13519109546,BMW,  f20 f21,2014,MQ03165,https://wallegro.ru/item/13519109546/Pochek-gril-reshetka-glyanczevyj-chernyj-dlya-BMW--F-F.html,,,,,,Решетка радиатора,почек гриль решетка глянцевый черный для bmw 1 f20 f21,,3294,Новый,https://wallegro.ru/pimg/a/original/1188fa/5ac21b3d4e10a60510a5431aa438/Nerki-grill-atrapa-czarny-polysk-BMW-1-F20-F21,Erken,Из - замена, ,1.05 кг,1
15133712973,Audi,  a6 rs6 quattro,2015,4G0853651ABCKA,https://wallegro.ru/item/15133712973/Grill-atrapa-Audi-A--wzor-RS-Black-Quattro.html,,,,,,Решетка радиатора,grill atrapa audi a6 12-15 wzor rs6 black quattro,,24300,Новый,https://wallegro.ru/pimg/a/original/119823/6782911442d988f9fecfec4dc4ee/Grill-atrapa-Audi-A6-12-15-wzor-RS6-Black-Quattro,Audi OE,О-оригинал с логотипом производителя автомобиля (OE), ,1.05 кг,1
13881038347,BMW,  e90 e91,2009,DA-30081,https://wallegro.ru/item/13881038347/Pochka-gril-chernyj-glyanecz-BMW-E-E--sedan.html,,,,,,Решетка радиатора,почка гриль черный глянец bmw e90 e91 04-07 седан,,2403,Новый,https://wallegro.ru/pimg/a/original/11af9e/c4b889bf412a81cf91af729aec74/NERKI-GRILL-CZARNY-POLYSK-BMW-E90-E91-04-07-SEDAN,Для,Из - замена, ,0.84 кг,1
11264624045,BMW,  f30 f31 m3,2015,Да-24896,https://wallegro.ru/item/11264624045/POCHKI-RESHETKA-GRIL-CHERNYJ-GLYANECZ-dlya-BMW-F-F-M.html,,,,,,Решетка радиатора,почки решетка гриль черный глянец для bmw f30 f31 m3,,2538,Новый,https://wallegro.ru/pimg/a/original/1167e0/16e3d9e146788c4e7646baed147b/NERKI-ATRAPA-GRILL-CZARNY-POLYSK-do-BMW-F30-F31-M3,Для,Из - замена, ,0.84 кг,1
13860764925,BMW,  e60 e61 m5,2010,DA-30047,https://wallegro.ru/item/13860764925/Pochka-reshetka-gril-chernyj-glyanecz-dlya-BMW-E-E-M.html,,,,,,Решетка радиатора,почка решетка гриль черный глянец для bmw e60 e61 m5,,2025,Новый,https://wallegro.ru/pimg/a/original/118130/1c179b1a40098959a1faa269730f/NERKI-ATRAPA-GRILL-CZARNY-POLYSK-DO-BMW-E60-E61-M5,Для,Из - замена, ,0.84 кг,1
14998036031,BMW,  e46 m3,2005,DA-32072,https://wallegro.ru/item/14998036031/Reshetka-radiatora-BMW--E-lift-M-paket-M.html,,,,,,Решетка радиатора,решетка радиатора bmw 3 e46 lift m пакет m3,,2646,Новый,https://wallegro.ru/pimg/a/original/112eb3/318f4e69423ea62d31895ac1620e/Atrapa-nerki-grill-BMW-3-E46-lift-M-Pakiet-M3,Для,Из - замена, ,0.84 кг,1
9591815599,BMW,  f11,2017,DA-21147,https://wallegro.ru/item/9591815599/GRIL-POCHEK-BMW--F-F-M-PAKET-M-CHERNYJ-GLYANECZ.html,,,,,,Решетка радиатора,"гриль почек bmw 5 f10, f11 м пакет м5 черный глянец",,2376,Новый,https://wallegro.ru/pimg/a/original/112f17/94b6910942548efca10737cbb74d/GRILL-NERKI-BMW-5-F10-F11-M-PAKIET-M5-BLACK-POLYSK,Для,Из - замена, ,1 кг,1
13706225451,BMW,  e90 e91 m3 look,2013,DA-29567,https://wallegro.ru/item/13706225451/BMW-E-E-LCI-LIFT-GRILL-NERKI-KRATKI-M-LOOK.html,,,,,,Решетка радиатора,bmw e90 e91 lci lift grill nerki kratki m3 look,,2619,Новый,https://wallegro.ru/pimg/a/original/1199de/2eaba1a940d29084c6d19d959c83/BMW-E90-E91-LCI-LIFT-GRILL-NERKI-KRATKI-M3-LOOK,Для,Из - замена, ,0.84 кг,1
13928445749,BMW,  x3 f25,2014,DA-30178,https://wallegro.ru/item/13928445749/Reshetka-radiatora-BMW-X-F--chernyj-glyanecz.html,,,,,,Решетка радиатора,решетка радиатора bmw x3 f25 11-14 черный глянец,,3645,Новый,https://wallegro.ru/pimg/a/original/11c9f0/c5b981ac4b95977bfdf571f57e40/ATRAPA-NERKI-GRILL-BMW-X3-F25-11-14-CZARNY-POLYSK,Для,Из - замена, ,0.84 кг,1
13860765216,BMW,  e60 e61,2010,DA-30049,https://wallegro.ru/item/13860765216/BMW-E-E-M-paket-pochek-gril-chernyj-glyanecz.html,,,,,,Решетка радиатора,bmw e60 e61 m пакет почек гриль черный глянец,,2025,Новый,https://wallegro.ru/pimg/a/original/118130/1c179b1a40098959a1faa269730f/BMW-E60-E61-M-PAKIET-NERKI-GRILL-CZARNE-POLYSK,Для,Из - замена, ,0.84 кг,1
14694478803,BMW,  e39,2004,Один,https://wallegro.ru/item/14694478803/BMW-E-gril-pochki--M-paket-blesk--rebra.html,,,,,,Решетка радиатора,bmw e39 гриль почки 95-04 м пакет блеск 2 ребра,,3510,Новый,https://wallegro.ru/pimg/a/original/113a01/7e23a312480dbde78d046728b559/BMW-E39-GRILL-NERKI-95-04-M-PAKIET-POLYSK-2-zebra,Другой (гриль BWM E39), , ,0.84 кг,1
14595347073,BMW,  e46,2005,DA-31351,https://wallegro.ru/item/14595347073/Pochki-gril-chernyj-dvojnoj-rebra-dlya-BMW--E.html,,,,,,Решетка радиатора,почки гриль черный двойной ребра для bmw 3 e46,,2646,Новый,https://wallegro.ru/pimg/a/original/112eb3/318f4e69423ea62d31895ac1620e/Nerki-grill-CZARNY-podwojne-zeberka-do-BMW-3-E46,Для,Из - замена, ,0.84 кг,1
13529016771,BMW,  x5 f15 x6 f16,2019,DA-29211,https://wallegro.ru/item/13529016771/Pochka-reshetka-gril-chernyj-glyanecz-BMW-X-F-X-F.html,,,,,,Решетка радиатора,почка решетка гриль черный глянец bmw x5 f15 x6 f16,,3375,Новый,https://wallegro.ru/pimg/a/original/110100/92480b7847a3b3d9665cd750cc2e/NERKI-ATRAPA-GRILL-CZARNY-POLYSK-BMW-X5-F15-X6-F16,Для,Из - замена, ,0.84 кг,1
14330530099,Mercedes,  w213, ,A2138808602,https://wallegro.ru/item/14330530099/GRILL-atrapa-W-Mercedes-E--DIAMOND-BLACK.html,,,,,,Решетка радиатора,grill atrapa w213 mercedes e 2016 diamond black,,11313,Новый,https://wallegro.ru/pimg/a/original/117989/4fcfca4d4ff5bc2d484c03450659/GRILL-atrapa-W213-Mercedes-E-2016-DIAMOND-BLACK,Другой (A2138808602), , ,0.84 кг,1
13928262371,BMW,  e92 e93 lif,2013,DA-30165,https://wallegro.ru/item/13928262371/Reshetka-radiatora-pochek-BMW--E-E-LIF-chernyj-glyanecz.html,,,,,,Решетка радиатора,решетка радиатора почек bmw 3 e92 e93 lif черный глянец,,3321,Новый,https://wallegro.ru/pimg/a/original/111a2b/20809c6e40d483f622ab81d42586/ATRAPA-GRILL-NERKI-BMW-3-E92-E93-LIF-CZARNY-POLYSK,Для,Из - замена, ,0.84 кг,1
9214302801,BMW,  x3 f25 x4 f26,2017,DA-21162,https://wallegro.ru/item/9214302801/GRIL-POCHEK-dlya-BMW-X-X-F-F-MPAKET-CHERNYJ-GLYANECZ.html,,,,,,Решетка радиатора,гриль почек для bmw x3 x4 f25 f26 м-пакет черный глянец,,3186,Новый,https://wallegro.ru/pimg/a/original/11308d/8fcbebd44cfd9c0116f119f4c56a/GRILL-NERKI-BMW-X3-X4-F25-F26-M-PAKIET-GLOSS-BLACK,Для,Из - замена, ,0.84 кг,1
14312303532,Урал,  e90 e91,2013,51712146911,https://wallegro.ru/item/14312303532/Pochki-gril-chernyj-glyanecz-E-E-LCI-.html,,,,,,Решетка радиатора,почки гриль черный глянец e90 e91 lci 08-13,,2646,Новый,https://wallegro.ru/pimg/a/original/119aba/424e71d14260808e89283a9ac6c8/Nerki-GRILL-CZARNE-polysk-E90-E91-LCI-08-13,Inny (51712146911), , ,0.84 кг,1
11264527978,BMW,  e60 e61 m5,2010,DA-24894,https://wallegro.ru/item/11264527978/POCHKI-RESHETKA-GRIL-GLYANCZEVYJ-CHERNYJ-dlya-BMW-E-E-M.html,,,,,,Решетка радиатора,почки решетка гриль глянцевый черный для bmw e60 e61 m5,,2106,Новый,https://wallegro.ru/pimg/a/original/11c501/d37ee9084fbf8eb67bf6e568c60a/NERKI-ATRAPA-GRILL-POLYSK-CZARNY-do-BMW-E60-E61-M5,Для,Из - замена, ,0.84 кг,1
13928198546,BMW,  e92 e93,2010,DA-30162-A,https://wallegro.ru/item/13928198546/Pochek-gril-BMW-E-E-do-podema-.html,,,,,,Решетка радиатора,почек гриль bmw e92 e93 до подъема 2006-2010,,2754,Новый,https://wallegro.ru/pimg/a/original/118b48/af71dea846b88eb8daf4de315f60/NERKI-GRILL-BMW-E92-E93-PRZED-LIFT-2006-2010,Для,Из - замена, ,0.84 кг,1
845816771316,Seat,  alhambra,2010,7M785365401C,https://wallegro.ru/item/8458167713/SEAT-ALHAMBRA-RESHETKA-RESHETKA-BAMPERA-PRAVAYA-POCHKA.html,,,,,,Решетка радиатора,seat alhambra решетка решетка бампера правая почка,,1782,Новый,https://wallegro.ru/pimg/a/original/034a80/a4dfadf74efd9525850c2f9376cb/SEAT-ALHAMBRA-KRATKA-ATRAPA-ZDERZAKA-NERKA-PRAWA,Эртонс,P - заменитель с качеством звука на уровне оригинала, ,1.5 кг,1
14595398932,BMW,  e39 m5,2003,DA-31355,https://wallegro.ru/item/14595398932/Reshetka-radiatora-BMW--E-Mpaket-M-BLACK.html,,,,,,Решетка радиатора,решетка радиатора bmw 5 e39 m-пакет m5 black,,3456,Новый,https://wallegro.ru/pimg/a/original/11ed88/797a6b674921a49d357c000e9eb6/ATRAPA-NERKI-GRILL-BMW-5-E39-M-PAKIET-M5-BLACK,Для,Из - замена, ,0.84 кг,1
845811082216,Seat,  alhambra,2010,7M785365301C,https://wallegro.ru/item/8458110822/SEAT-ALHAMBRA-RESHETKA-RESHETKA-ZAGLUSHKA-BAMPERA-LEVAYA.html,,,,,,Решетка радиатора,seat alhambra решетка решетка заглушка бампера левая,,1782,Новый,https://wallegro.ru/pimg/a/original/03a378/6f908410427c8e9cd95a61e37ef8/SEAT-ALHAMBRA-KRATKA-ATRAPA-ZASLEPKA-ZDERZAKA-LEWA,Эртонс,P - заменитель с качеством звука на уровне оригинала, ,1.5 кг,1
12590099659,BMW,  x5 e70 x6 e71,2014,DA-24970,https://wallegro.ru/item/12590099659/RESHETKA-POCHEK-GRIL-dlya-BMW-X-E-X-E-CHERNYJ-GLYANECZ.html,,,,,,Решетка радиатора,решетка почек гриль для bmw x5 e70 x6 e71 черный глянец,,2781,Новый,https://wallegro.ru/pimg/a/original/11f7eb/347672cf42759ab614c618f1836b/ATRAPA-NERKI-GRILL-BMW-X5-E70-X6-E71-CZARNY-POLYSK,Для,Из - замена, ,0.84 кг,1
13928316904,BMW,  f20 f21,2018,DA-30169,https://wallegro.ru/item/13928316904/NERKI-GRILL-BMW--F-F-LCI-MPERFORMANCE-.html,,,,,,Решетка радиатора,nerki grill bmw 1 f20 f21 lci m-performance 2015+,,3429,Новый,https://wallegro.ru/pimg/a/original/11fca8/43df07834f17b1f1a878355ff694/NERKI-GRILL-BMW-1-F20-F21-LCI-M-PERFORMANCE-2015,Для,Из - замена, ,0.84 кг,1
